{"cameraMode":{"drawMode":0,"name":"Shaded","section":"Shading Mode"},"sceneLighting":false,"audioPlay":false,"sceneViewState":{"showFog":true,"showMaterialUpdate":false,"showSkybox":false,"showFlares":true,"showImageEffects":true,"showParticleSystems":true},"in2DMode":false,"pivot":{"x":-2.0,"y":0.5500000715255737,"z":-0.0000010505318641662598},"rotation":{"x":0.15781956911087037,"y":0.15566067397594453,"z":-0.025146273896098138,"w":0.9747976660728455},"size":6.852964878082275,"orthographic":true}