{"cameraMode":{"drawMode":0,"name":"Shaded","section":"Shading Mode"},"sceneLighting":false,"audioPlay":false,"sceneViewState":{"showFog":true,"showMaterialUpdate":false,"showSkybox":false,"showFlares":true,"showImageEffects":true,"showParticleSystems":true},"in2DMode":false,"pivot":{"x":550.8436279296875,"y":21.0,"z":455.5350341796875},"rotation":{"x":0.0762345939874649,"y":0.20687967538833619,"z":-0.01611766405403614,"w":0.9752585887908936},"size":13.339509010314942,"orthographic":true}