{"cameraMode":{"drawMode":0,"name":"Shaded","section":"Shading Mode"},"sceneLighting":true,"audioPlay":false,"sceneViewState":{"showFog":true,"showMaterialUpdate":false,"showSkybox":true,"showFlares":true,"showImageEffects":true,"showParticleSystems":true},"in2DMode":false,"pivot":{"x":306.02044677734377,"y":28.913524627685548,"z":341.1485595703125},"rotation":{"x":-0.07191763818264008,"y":0.8054051399230957,"z":-0.0997607409954071,"w":-0.5798259973526001},"size":283.8416748046875,"orthographic":true}