{"cameraMode":{"drawMode":0,"name":"Shaded","section":"Shading Mode"},"sceneLighting":false,"audioPlay":false,"sceneViewState":{"showFog":true,"showMaterialUpdate":false,"showSkybox":false,"showFlares":true,"showImageEffects":true,"showParticleSystems":true},"in2DMode":false,"pivot":{"x":2.0000035762786867,"y":3.5,"z":0.019071459770202638},"rotation":{"x":-0.08350491523742676,"y":-0.9163605570793152,"z":0.26816684007644656,"w":-0.2853012681007385},"size":49.538795471191409,"orthographic":true}